Keyword;Intent;Volume;Keyword Difficulty;CPC (MXN);SERP Features
operaciones internas preocupantes;Informational;210;15;0.00;AI Overview, Image pack, Video, People also ask, Related searches
operación interna preocupante;Informational;210;11;0.00;AI Overview, Image pack, Video, Related searches
operaciones internas preocupantes pld;;30;;0.00;
operaciones internas preocupantes ejemplos;;20;;0.00;
que son las operaciones internas preocupantes;;20;;0.00;
qué es una operación interna preocupante;;20;;0.00;
cuales son las operaciones internas preocupantes;;0;;0.00;
definiciona de operaciones internas preocupantes;;0;;0.00;
definiciones de operaciones internas preocupantes;;0;;0.00;
ejemplos de operaciones internas preocupantes;;0;;0.00;
mejores practicas operaciones inusuales e internas preocupantes;;0;;0.00;
mejores practicas para reportes de operaciones inusuales e internas preocupantes;;0;;0.00;
operaciones interna preocupante;;0;;0.00;
operaciones interna preocupante uif;;0;;0.00;
operaciones internas preocupantes 2019;;0;;0.00;
operaciones internas preocupantes definicion;;0;;0.00;
operaciones internas preocupantes icono;;0;;0.00;
operaciones inusuales en auditoria interna y preocupantes;;0;;0.00;
operaciones inusuales internas preocupantes y relevantes;;0;;0.00;
operaciones relevantes inusuales e internas preocupantes;;0;;0.00;
pld operaciones internas preocupantes;;0;;0.00;
que es una operaciones internas preocupantes;;0;;0.00;
quienes realizan las operaciones internas preocupantes;;0;;0.00;
reporte operaciones inusuales e internas preocupantes;;0;;0.00;
son aquellos quienes realizan las operaciones internas preocupantes;;0;;0.00;
