Page URL,Page Title,Discovered
https://sofomes.com/catalogos/localidades.php,Catálogo: Localidades | SOFOMES.COM,09 Nov 2025 (15:36 UTC)
https://www.sofomes.com/catalogos/localidades.php,Catálogo: Localidades | SOFOMES.COM,09 Nov 2025 (15:36 UTC)
https://sofomes.com/,SOFOMes México 2025 | Directorio CONDUSEF,09 Nov 2025 (15:36 UTC)
https://www.sofomes.com/,SOFOMes México 2025 | Directorio CONDUSEF,09 Nov 2025 (15:36 UTC)
https://www.sofomes.com/catalogos/tipo-operacion-asesor.php,Catálogo: Tipo de Operación Asesor | SOFOMES.COM,09 Nov 2025 (15:36 UTC)
https://sofomes.com/catalogos/tipo-operacion-asesor.php,Catálogo: Tipo de Operación Asesor | SOFOMES.COM,09 Nov 2025 (15:36 UTC)
https://sofomes.com/layout-reportes-pld.php,Layout 36 Campos RIPS F36 | Reportes PLD/FT CNBV,09 Nov 2025 (15:36 UTC)
https://www.sofomes.com/layout-reportes-pld.php,Layout 36 Campos RIPS F36 | Reportes PLD/FT CNBV,09 Nov 2025 (15:36 UTC)
https://www.sofomes.com/catalogos/monedas.php,Catálogo: Monedas | SOFOMES.COM,09 Nov 2025 (15:36 UTC)
https://sofomes.com/catalogos/monedas.php,Catálogo: Monedas | SOFOMES.COM,09 Nov 2025 (15:36 UTC)
https://www.sofomes.com/catalogos/instrumento-monetario.php,Catálogo: Instrumentos Monetarios | SOFOMES.COM,09 Nov 2025 (15:36 UTC)
https://sofomes.com/catalogos/instrumento-monetario.php,Catálogo: Instrumentos Monetarios | SOFOMES.COM,09 Nov 2025 (15:36 UTC)
https://www.sofomes.com/reportes-regulatorios-cnbv.php,"Operaciones Relevantes, Inusuales e Internas Preocupantes CNBV | Guía Completa 2025",09 Nov 2025 (15:36 UTC)
https://sofomes.com/reportes-regulatorios-cnbv.php,"Operaciones Relevantes, Inusuales e Internas Preocupantes CNBV | Guía Completa 2025",09 Nov 2025 (15:36 UTC)
https://www.sofomes.com/lista-sofomes-mexico.php,Lista Completa de SOFOMes en México | Directorio CONDUSEF,09 Nov 2025 (15:36 UTC)
https://sofomes.com/lista-sofomes-mexico.php,Lista Completa de SOFOMes en México | Directorio CONDUSEF,09 Nov 2025 (15:36 UTC)
https://sofomes.com/catalogos-rips-f36.php,Catálogos Oficiales RIPS F36 | CNBV PLD/FT,09 Nov 2025 (15:36 UTC)
https://www.sofomes.com/catalogos-rips-f36.php,Catálogos Oficiales RIPS F36 | CNBV PLD/FT,09 Nov 2025 (15:36 UTC)
https://sofomes.com/catalogos/tipo-reporte.php,Catálogo: Tipo de Reporte | SOFOMES.COM,09 Nov 2025 (15:36 UTC)
https://www.sofomes.com/catalogos/tipo-reporte.php,Catálogo: Tipo de Reporte | SOFOMES.COM,09 Nov 2025 (15:36 UTC)
https://sofomes.com/catalogos/actividad-economica.php,Catálogo: Actividad Económica | SOFOMES.COM,09 Nov 2025 (15:36 UTC)
https://www.sofomes.com/catalogos/actividad-economica.php,Catálogo: Actividad Económica | SOFOMES.COM,09 Nov 2025 (15:36 UTC)
